platform,week,volume,avg_sentiment,total_engagement,lag1_volume,lag2_volume,target_next_volume
bili,2020-10-05/2020-10-11,1,0.9999999750930484,131795.437,,,7.0
bili,2020-10-12/2020-10-18,7,0.9958200137527272,5350.0,1.0,,2.0
bili,2020-10-19/2020-10-25,2,0.8479575978194598,1329.0,7.0,1.0,1.0
bili,2020-11-23/2020-11-29,1,0.5323661070394369,1324.5210000000002,2.0,7.0,4.0
bili,2020-11-30/2020-12-06,4,0.9266662387735434,96.5,1.0,2.0,3.0
bili,2020-12-07/2020-12-13,3,0.5564626184308783,39.5,4.0,1.0,10.0
bili,2021-01-11/2021-01-17,10,0.601695162152734,8316.189,3.0,4.0,1.0
bili,2021-01-18/2021-01-24,1,0.9745899559163173,29.0,10.0,3.0,1.0
bili,2021-02-01/2021-02-07,1,0.985165037906267,170.939,1.0,10.0,7.0
bili,2021-07-19/2021-07-25,7,0.8479756786763326,48728.226,1.0,1.0,4.0
bili,2021-07-26/2021-08-01,4,0.7434490385183568,2504.5,7.0,1.0,2.0
bili,2021-08-09/2021-08-15,2,0.5453562948261264,287.57300000000004,4.0,7.0,1.0
bili,2021-08-16/2021-08-22,1,0.9563024306917736,2.5,2.0,4.0,1.0
bili,2021-08-23/2021-08-29,1,0.4263472167105362,5.0,1.0,2.0,6.0
bili,2021-09-13/2021-09-19,6,0.7151618818354307,8612.899,1.0,1.0,4.0
bili,2021-09-20/2021-09-26,4,0.5663545913313551,863.0,6.0,1.0,24.0
bili,2021-09-27/2021-10-03,24,0.6316496693650833,751.347,4.0,6.0,13.0
bili,2021-10-04/2021-10-10,13,0.6284137872005335,69.5,24.0,4.0,11.0
bili,2021-11-08/2021-11-14,11,0.49508595340080763,167.119,13.0,24.0,6.0
bili,2021-11-15/2021-11-21,6,0.7151336442598956,10.5,11.0,13.0,4.0
bili,2021-11-22/2021-11-28,4,0.3285515638325681,7.0,6.0,11.0,1.0
bili,2021-12-20/2021-12-26,1,0.1780925271260656,0.0,4.0,6.0,3.0
bili,2021-12-27/2022-01-02,3,0.4377628259983071,0.0,1.0,4.0,9.0
bili,2022-01-10/2022-01-16,9,0.38646583599377077,6952.4130000000005,3.0,1.0,347.0
bili,2022-01-17/2022-01-23,347,0.44692909215306814,4222.5,9.0,3.0,27.0
bili,2022-01-24/2022-01-30,27,0.40955890918453847,46.5,347.0,9.0,39.0
bili,2022-01-31/2022-02-06,39,0.4746634953215792,48.0,27.0,347.0,16.0
bili,2022-02-07/2022-02-13,16,0.5360472429929466,14.5,39.0,27.0,4.0
bili,2022-02-28/2022-03-06,4,0.47792193596437493,152.555,16.0,39.0,13.0
bili,2022-03-14/2022-03-20,13,0.800365113420332,259599.972,4.0,16.0,12.0
bili,2022-03-21/2022-03-27,12,0.5208958143243604,22580.0,13.0,4.0,6.0
bili,2022-04-04/2022-04-10,6,0.14993922181477315,21.0,12.0,13.0,12.0
bili,2022-04-11/2022-04-17,12,0.5778679568300279,0.0,6.0,12.0,9.0
bili,2022-04-18/2022-04-24,9,0.3850926540455486,279.28299999999996,12.0,6.0,11.0
bili,2022-04-25/2022-05-01,11,0.7250839329811144,239.25300000000001,9.0,12.0,19.0
bili,2022-05-02/2022-05-08,19,0.4957098850007537,5.5,11.0,9.0,5.0
bili,2022-05-09/2022-05-15,5,0.5379129209451128,1.0,19.0,11.0,6.0
bili,2022-05-16/2022-05-22,6,0.3853645228745041,10.5,5.0,19.0,10.0
bili,2022-05-23/2022-05-29,10,0.7289028005303066,2.5,6.0,5.0,7.0
bili,2022-05-30/2022-06-05,7,0.5866283814986166,89.0,10.0,6.0,22.0
bili,2022-06-06/2022-06-12,22,0.7283693472593228,55452.405000000006,7.0,10.0,14.0
bili,2022-06-13/2022-06-19,14,0.6015239006359486,1450.0,22.0,7.0,8.0
bili,2022-06-20/2022-06-26,8,0.43897822344930054,2.5,14.0,22.0,1.0
bili,2022-06-27/2022-07-03,1,0.5262327818078083,0.0,8.0,14.0,22.0
bili,2022-07-04/2022-07-10,22,0.4765392530743455,7.5,1.0,8.0,8.0
bili,2022-07-11/2022-07-17,8,0.574953750282693,6.5,22.0,1.0,1.0
bili,2022-07-18/2022-07-24,1,0.06088704310078907,0.0,8.0,22.0,5.0
bili,2022-07-25/2022-07-31,5,0.2643971038081019,3.0,1.0,8.0,1.0
bili,2022-08-01/2022-08-07,1,0.15827338129496404,0.0,5.0,1.0,1.0
bili,2022-08-08/2022-08-14,1,0.992022699821489,0.0,1.0,5.0,13.0
bili,2022-08-15/2022-08-21,13,0.5339184866655736,1.0,1.0,1.0,3.0
bili,2022-08-29/2022-09-04,3,0.088383715631651,2.0,13.0,1.0,2.0
bili,2022-09-05/2022-09-11,2,0.6247145683732287,0.0,3.0,13.0,11.0
bili,2022-09-12/2022-09-18,11,0.3997619035014857,4.0,2.0,3.0,2.0
bili,2022-09-19/2022-09-25,2,0.5936139520332627,0.0,11.0,2.0,8.0
bili,2022-09-26/2022-10-02,8,0.6087725075642247,3.5,2.0,11.0,2.0
bili,2022-10-03/2022-10-09,2,0.2957421558543806,2.0,8.0,2.0,1.0
bili,2022-10-10/2022-10-16,1,0.6383910297680779,1.0,2.0,8.0,2.0
bili,2022-10-17/2022-10-23,2,0.35114037588091657,0.0,1.0,2.0,3.0
bili,2022-10-24/2022-10-30,3,0.7010498045161085,0.0,2.0,1.0,3.0
bili,2022-10-31/2022-11-06,3,0.7456978270460702,745.1120000000001,3.0,2.0,3.0
bili,2022-11-07/2022-11-13,3,0.38305630068091173,5.0,3.0,3.0,59.0
bili,2022-11-14/2022-11-20,59,0.5097732796696405,76039.09700000001,3.0,3.0,24.0
bili,2022-11-21/2022-11-27,24,0.6616833838227406,11894.0,59.0,3.0,8.0
bili,2022-11-28/2022-12-04,8,0.6955516459119534,5.5,24.0,59.0,19.0
bili,2022-12-05/2022-12-11,19,0.7543555904814069,677025.2170000001,8.0,24.0,8.0
bili,2022-12-12/2022-12-18,8,0.6547609884536661,1.0,19.0,8.0,1.0
bili,2022-12-19/2022-12-25,1,0.8047535572378873,0.0,8.0,19.0,2.0
bili,2023-01-09/2023-01-15,2,0.4363804845959613,10.5,1.0,8.0,2.0
bili,2023-01-30/2023-02-05,2,0.6919053495436035,14.5,2.0,1.0,13.0
bili,2023-02-06/2023-02-12,13,0.5087760905423567,93865.774,2.0,2.0,1.0
bili,2023-02-13/2023-02-19,1,0.4396074283217847,0.0,13.0,2.0,3.0
bili,2023-02-20/2023-02-26,3,0.39938707273978685,3.0,1.0,13.0,4.0
bili,2023-02-27/2023-03-05,4,0.5956415980267672,13452.030999999999,3.0,1.0,25.0
bili,2023-03-06/2023-03-12,25,0.670194511170932,19559.419,4.0,3.0,14.0
bili,2023-03-13/2023-03-19,14,0.5229842098657637,36.5,25.0,4.0,24.0
bili,2023-03-20/2023-03-26,24,0.47812337553664347,13633.892,14.0,25.0,2.0
bili,2023-03-27/2023-04-02,2,0.22923273367527974,6.0,24.0,14.0,2.0
bili,2023-04-03/2023-04-09,2,0.8923740619508713,2.5,2.0,24.0,11.0
bili,2023-04-10/2023-04-16,11,0.5336421407270279,49.5,2.0,2.0,4.0
bili,2023-04-17/2023-04-23,4,0.270962325641511,8.5,11.0,2.0,5.0
bili,2023-05-01/2023-05-07,5,0.45582365476005504,2.5,4.0,11.0,3.0
bili,2023-05-08/2023-05-14,3,0.518631788621399,1.5,5.0,4.0,4.0
bili,2023-05-15/2023-05-21,4,0.8266823954246932,8563.483,3.0,5.0,11.0
bili,2023-05-22/2023-05-28,11,0.5825608695727763,1664.0,4.0,3.0,1.0
bili,2023-06-19/2023-06-25,1,0.694006737435068,13.5,11.0,4.0,69.0
bili,2023-06-26/2023-07-02,69,0.4036547686362039,6005.054,1.0,11.0,86.0
bili,2023-07-03/2023-07-09,86,0.3674933120080925,4256.5,69.0,1.0,21.0
bili,2023-07-10/2023-07-16,21,0.3464615845200321,11.0,86.0,69.0,12.0
bili,2023-07-17/2023-07-23,12,0.42031061039562617,122.309,21.0,86.0,9.0
bili,2023-07-24/2023-07-30,9,0.22884813395030562,42.5,12.0,21.0,1.0
bili,2023-08-07/2023-08-13,1,0.9525697206769496,0.0,9.0,12.0,3.0
bili,2023-08-14/2023-08-20,3,0.5727979303758918,2.5,1.0,9.0,22.0
bili,2023-08-21/2023-08-27,22,0.6407407818972914,214220.606,3.0,1.0,9.0
bili,2023-08-28/2023-09-03,9,0.6192958769236776,260.0,22.0,3.0,4.0
bili,2023-09-11/2023-09-17,4,0.6732476685819393,2856.156,9.0,22.0,1.0
bili,2023-09-18/2023-09-24,1,0.10464671830058736,6.0,4.0,9.0,25.0
bili,2023-09-25/2023-10-01,25,0.6384819116312724,351769.011,1.0,4.0,9.0
bili,2023-10-02/2023-10-08,9,0.5044241106498774,186.486,25.0,1.0,2.0
bili,2023-10-09/2023-10-15,2,0.17624752296235746,0.0,9.0,25.0,2.0
bili,2023-10-16/2023-10-22,2,0.6628210228591971,3.0,2.0,9.0,48.0
bili,2023-10-23/2023-10-29,48,0.48571817118478505,2366.4629999999997,2.0,2.0,19.0
bili,2023-10-30/2023-11-05,19,0.3158934338991812,8.0,48.0,2.0,10.0
bili,2023-11-06/2023-11-12,10,0.4914280329534838,8.5,19.0,48.0,3.0
bili,2023-11-13/2023-11-19,3,0.4109273056503599,4.0,10.0,19.0,10.0
bili,2023-11-20/2023-11-26,10,0.5689888055678842,4829.066000000001,3.0,10.0,7.0
bili,2023-11-27/2023-12-03,7,0.2839627726874684,18.5,10.0,3.0,16.0
bili,2023-12-04/2023-12-10,16,0.42160481794891835,14.5,7.0,10.0,17.0
bili,2023-12-11/2023-12-17,17,0.47790050655550637,18.71,16.0,7.0,6.0
bili,2023-12-18/2023-12-24,6,0.5689999294366374,10.0,17.0,16.0,4.0
bili,2023-12-25/2023-12-31,4,0.6548844054503282,4434.301,6.0,17.0,300.0
bili,2024-01-01/2024-01-07,300,0.5367350044944962,8412.761,4.0,6.0,15.0
bili,2024-01-08/2024-01-14,15,0.5663046651095061,0.0,300.0,4.0,9.0
bili,2024-01-15/2024-01-21,9,0.714468850156335,513.0,15.0,300.0,15.0
bili,2024-01-22/2024-01-28,15,0.7556936878606096,10823.26,9.0,15.0,8.0
bili,2024-01-29/2024-02-04,8,0.43243375080729163,6.0,15.0,9.0,3.0
bili,2024-02-05/2024-02-11,3,0.4496027490697801,5.0,8.0,15.0,10.0
bili,2024-02-12/2024-02-18,10,0.741645208554218,347981.112,3.0,8.0,5.0
bili,2024-02-19/2024-02-25,5,0.5976338862709494,1.5,10.0,3.0,2.0
bili,2024-02-26/2024-03-03,2,0.9742712994520727,448.0,5.0,10.0,14.0
bili,2024-03-04/2024-03-10,14,0.49116811521070003,46401.372,2.0,5.0,13.0
bili,2024-03-11/2024-03-17,13,0.6631893433056775,42599.646,14.0,2.0,2.0
bili,2024-03-18/2024-03-24,2,0.9806279723705458,278.0,13.0,14.0,19.0
bili,2024-03-25/2024-03-31,19,0.4970195441770494,11995.127,2.0,13.0,6.0
bili,2024-04-01/2024-04-07,6,0.35777975628039643,176.0,19.0,2.0,19.0
bili,2024-04-08/2024-04-14,19,0.5108463210365419,279773.483,6.0,19.0,1.0
bili,2024-04-22/2024-04-28,1,0.7883045031908866,0.0,19.0,6.0,14.0
bili,2024-04-29/2024-05-05,14,0.824938190862525,114801.163,1.0,19.0,1.0
bili,2024-05-06/2024-05-12,1,0.5370544501676099,37.85,14.0,1.0,5.0
bili,2024-05-13/2024-05-19,5,0.5110961319527302,618.0,1.0,14.0,2.0
bili,2024-05-20/2024-05-26,2,0.06418041564810384,1.0,5.0,1.0,11.0
bili,2024-06-03/2024-06-09,11,0.6541029823068019,7010.854,2.0,5.0,3.0
bili,2024-06-10/2024-06-16,3,0.44795124251574475,5.0,11.0,2.0,12.0
bili,2024-06-17/2024-06-23,12,0.7841322581020632,116124.895,3.0,11.0,22.0
bili,2024-06-24/2024-06-30,22,0.5076146148616307,432.5,12.0,3.0,107.0
bili,2024-07-01/2024-07-07,107,0.38891797002489825,4406.673000000001,22.0,12.0,260.0
bili,2024-07-08/2024-07-14,260,0.31201225866611765,1951.5,107.0,22.0,57.0
bili,2024-07-15/2024-07-21,57,0.4709264738738586,1668.778,260.0,107.0,32.0
bili,2024-07-22/2024-07-28,32,0.3330231437278022,50.5,57.0,260.0,52.0
bili,2024-07-29/2024-08-04,52,0.4346117556135848,1235.151,32.0,57.0,7.0
bili,2024-08-05/2024-08-11,7,0.34585954532195634,1.0,52.0,32.0,4.0
bili,2024-08-12/2024-08-18,4,0.16499080017762555,1.5,7.0,52.0,2.0
bili,2024-08-19/2024-08-25,2,0.5527005220205816,1.0,4.0,7.0,2.0
bili,2024-08-26/2024-09-01,2,0.41719035349196176,1.0,2.0,4.0,2.0
bili,2024-09-09/2024-09-15,2,0.25719508995791346,6833.357,2.0,2.0,6.0
bili,2024-09-16/2024-09-22,6,0.7255404617644868,2877.631,2.0,2.0,8.0
bili,2024-10-07/2024-10-13,8,0.5938368422505513,56.68,6.0,2.0,5.0
bili,2024-10-14/2024-10-20,5,0.5459140759781044,17.0,8.0,6.0,2.0
bili,2024-10-21/2024-10-27,2,0.9154525349596727,23.5,5.0,8.0,6.0
bili,2024-10-28/2024-11-03,6,0.42633070366709774,22.0,2.0,5.0,12.0
bili,2024-11-04/2024-11-10,12,0.786871984187867,2075.3289999999997,6.0,2.0,10.0
bili,2024-11-11/2024-11-17,10,0.5355659997963428,6.0,12.0,6.0,9.0
bili,2024-11-18/2024-11-24,9,0.7804381528008751,1763.347,10.0,12.0,1.0
bili,2024-11-25/2024-12-01,1,0.909574552372762,0.0,9.0,10.0,2.0
bili,2024-12-02/2024-12-08,2,0.6930496463895885,1.0,1.0,9.0,3.0
bili,2024-12-09/2024-12-15,3,0.19801992727947249,523.896,2.0,1.0,9.0
bili,2024-12-16/2024-12-22,9,0.48739741300660555,280.0,3.0,2.0,5.0
bili,2024-12-23/2024-12-29,5,0.32980557893037293,268.0,9.0,3.0,10.0
bili,2024-12-30/2025-01-05,10,0.31551355866388825,43.5,5.0,9.0,5.0
bili,2025-01-06/2025-01-12,5,0.6310461923134276,11.0,10.0,5.0,3.0
bili,2025-01-13/2025-01-19,3,0.5041178982470361,1.0,5.0,10.0,1.0
bili,2025-01-20/2025-01-26,1,0.9147746840853478,0.0,3.0,5.0,5.0
bili,2025-01-27/2025-02-02,5,0.4709348577143048,160.123,1.0,3.0,4.0
bili,2025-02-03/2025-02-09,4,0.6239852290085746,18.0,5.0,1.0,18.0
bili,2025-02-10/2025-02-16,18,0.6988174651618919,30392.171000000002,4.0,5.0,6.0
bili,2025-02-17/2025-02-23,6,0.5668860270774374,76.0,18.0,4.0,10.0
bili,2025-02-24/2025-03-02,10,0.3338726070239855,15.5,6.0,18.0,6.0
bili,2025-03-03/2025-03-09,6,0.5004571155160209,8555.93,10.0,6.0,13.0
bili,2025-03-10/2025-03-16,13,0.3528950867083971,43083.4,6.0,10.0,8.0
bili,2025-03-17/2025-03-23,8,0.4094197858684825,792.0,13.0,6.0,6.0
bili,2025-03-24/2025-03-30,6,0.6035431249844844,300.676,8.0,13.0,6.0
bili,2025-03-31/2025-04-06,6,0.8189295562880483,595.8069999999999,6.0,8.0,5.0
bili,2025-04-07/2025-04-13,5,0.501858070186085,7.0,6.0,6.0,4.0
bili,2025-04-14/2025-04-20,4,0.5415781308329539,538.601,5.0,6.0,6.0
bili,2025-04-21/2025-04-27,6,0.7107527801602714,27.0,4.0,5.0,9.0
bili,2025-04-28/2025-05-04,9,0.6940019992154878,17.0,6.0,4.0,30.0
bili,2025-05-05/2025-05-11,30,0.674766314847374,262030.16800000003,9.0,6.0,11.0
bili,2025-05-12/2025-05-18,11,0.685957287394445,59370.992,30.0,9.0,4.0
bili,2025-05-19/2025-05-25,4,0.7569131820825217,22887.703,11.0,30.0,6.0
bili,2025-05-26/2025-06-01,6,0.6594321736480376,9352.5,4.0,11.0,15.0
bili,2025-06-02/2025-06-08,15,0.7763041676725994,4065.5,6.0,4.0,11.0
bili,2025-06-09/2025-06-15,11,0.5494561698833228,9670.100999999999,15.0,6.0,4.0
bili,2025-06-16/2025-06-22,4,0.5857381192394813,334.5,11.0,15.0,2.0
bili,2025-06-23/2025-06-29,2,0.4364036678064755,0.0,4.0,11.0,2.0
bili,2025-06-30/2025-07-06,2,0.5609702846371458,4.0,2.0,4.0,1.0
bili,2025-07-14/2025-07-20,1,0.6772217403338068,7.0,2.0,2.0,1.0
bili,2025-07-21/2025-07-27,1,0.7044187613534187,2.5,1.0,2.0,7.0
bili,2025-07-28/2025-08-03,7,0.6410922125070536,63830.934,1.0,1.0,6.0
bili,2025-08-04/2025-08-10,6,0.611943775572963,871.5,7.0,1.0,20.0
bili,2025-08-11/2025-08-17,20,0.2853105029315615,1090.315,6.0,7.0,46.0
bili,2025-08-18/2025-08-24,46,0.4584780951616456,3085.332,20.0,6.0,28.0
bili,2025-08-25/2025-08-31,28,0.5952262669780423,3416.7090000000003,46.0,20.0,20.0
bili,2025-09-01/2025-09-07,20,0.48579994598987836,13158.771,28.0,46.0,3.0
bili,2025-09-08/2025-09-14,3,0.09074929642919649,0.0,20.0,28.0,4.0
bili,2025-09-15/2025-09-21,4,0.6422873189710027,102.5,3.0,20.0,3.0
bili,2025-09-22/2025-09-28,3,0.5071427368581246,518.91,4.0,3.0,22.0
bili,2025-09-29/2025-10-05,22,0.5917257020554685,445.0,3.0,4.0,70.0
bili,2025-10-06/2025-10-12,70,0.5092392960832326,12569.435,22.0,3.0,29.0
bili,2025-10-13/2025-10-19,29,0.46908246963988537,11.0,70.0,22.0,16.0
bili,2025-10-20/2025-10-26,16,0.4642695538286951,3243.1040000000003,29.0,70.0,9.0
bili,2025-10-27/2025-11-02,9,0.4196248824575849,140.0,16.0,29.0,8.0
bili,2025-11-03/2025-11-09,8,0.5757749340665951,8.0,9.0,16.0,256.0
bili,2025-11-10/2025-11-16,256,0.5148929251230836,118572.256,8.0,9.0,222.0
bili,2025-11-17/2025-11-23,222,0.4258112662883233,2582.5,256.0,8.0,120.0
bili,2025-11-24/2025-11-30,120,0.4667835977609475,510.5,222.0,256.0,173.0
bili,2025-12-01/2025-12-07,173,0.46019271629963227,4598.275,120.0,222.0,172.0
bili,2025-12-08/2025-12-14,172,0.39740843539281756,1983.769,173.0,120.0,122.0
bili,2025-12-15/2025-12-21,122,0.41973769036307373,129249.622,172.0,173.0,46.0
bili,2025-12-22/2025-12-28,46,0.3553260923523914,114.5,122.0,172.0,41.0
bili,2025-12-29/2026-01-04,41,0.4561232138476433,31951.283,46.0,122.0,55.0
bili,2026-01-05/2026-01-11,55,0.459233715938528,1751.602,41.0,46.0,41.0
bili,2026-01-12/2026-01-18,41,0.44387448995234097,327.1,55.0,41.0,271.0
bili,2026-01-19/2026-01-25,271,0.5032192421836565,28043.498,41.0,55.0,247.0
bili,2026-01-26/2026-02-01,247,0.4163946143548265,6175.704,271.0,41.0,79.0
bili,2026-02-02/2026-02-08,79,0.4812774498027316,8978.681,247.0,271.0,146.0
bili,2026-02-09/2026-02-15,146,0.5991588843962861,114336.738,79.0,247.0,68.0
bili,2026-02-16/2026-02-22,68,0.5453118736334578,118953.206,146.0,79.0,
douyin,2021-04-12/2021-04-18,46,0.5044895647726154,1355.9,,,1.0
douyin,2021-09-20/2021-09-26,1,0.7499999999999999,0.0,46.0,,8.0
douyin,2022-05-09/2022-05-15,8,0.6970104672831623,41766.1,1.0,46.0,2.0
douyin,2022-05-16/2022-05-22,2,0.9049334988914335,0.0,8.0,1.0,1.0
douyin,2022-05-30/2022-06-05,1,0.5,0.0,2.0,8.0,1.0
douyin,2022-06-06/2022-06-12,1,0.466666666666667,1.0,1.0,2.0,1.0
douyin,2022-06-27/2022-07-03,1,0.06365996896273918,1.0,1.0,1.0,1.0
douyin,2022-07-04/2022-07-10,1,0.009608766536463476,0.0,1.0,1.0,1.0
douyin,2022-07-18/2022-07-24,1,0.01479498407562585,2.0,1.0,1.0,1.0
douyin,2022-07-25/2022-07-31,1,0.613151595252413,0.0,1.0,1.0,1.0
douyin,2023-02-06/2023-02-12,1,0.9999999985078505,2079.65,1.0,1.0,8.0
douyin,2023-02-27/2023-03-05,8,0.67224224456193,112.75,1.0,1.0,1.0
douyin,2023-05-01/2023-05-07,1,1.6339257524755624e-07,23495.0,8.0,1.0,1.0
douyin,2023-06-26/2023-07-02,1,0.055261110023412496,1.5,1.0,8.0,1.0
douyin,2023-07-03/2023-07-09,1,0.5,0.0,1.0,1.0,1.0
douyin,2023-07-10/2023-07-16,1,0.9995363164187633,61476.8,1.0,1.0,1.0
douyin,2023-09-11/2023-09-17,1,0.9998138757805156,38074.85,1.0,1.0,1.0
douyin,2024-03-18/2024-03-24,1,0.9914679947110686,305.85,1.0,1.0,1.0
douyin,2024-03-25/2024-03-31,1,0.9999999999980738,36.7,1.0,1.0,1.0
douyin,2024-06-10/2024-06-16,1,0.9999999963824238,12546.2,1.0,1.0,11.0
douyin,2024-06-17/2024-06-23,11,0.49356167650412586,830.0,1.0,1.0,35.0
douyin,2024-06-24/2024-06-30,35,0.5177861247894137,9.5,11.0,1.0,6.0
douyin,2024-07-01/2024-07-07,6,0.5555925127789102,5.5,35.0,11.0,10.0
douyin,2024-07-08/2024-07-14,10,0.4992898682938257,2.0,6.0,35.0,1.0
douyin,2024-08-05/2024-08-11,1,0.4259651550299298,0.0,10.0,6.0,1.0
douyin,2024-08-12/2024-08-18,1,0.5826296743063932,0.0,1.0,10.0,1.0
douyin,2024-08-26/2024-09-01,1,0.5,0.0,1.0,1.0,1.0
douyin,2024-10-07/2024-10-13,1,0.7348092502927859,0.0,1.0,1.0,1.0
douyin,2024-12-02/2024-12-08,1,0.9999999880191842,1214954.5,1.0,1.0,44.0
douyin,2024-12-09/2024-12-15,44,0.5796644731761126,9896.1,1.0,1.0,63.0
douyin,2024-12-16/2024-12-22,63,0.5799950458156129,383.5,44.0,1.0,16.0
douyin,2024-12-23/2024-12-29,16,0.6649882247924839,11.5,63.0,44.0,9.0
douyin,2024-12-30/2025-01-05,9,0.3896831192092891,2.0,16.0,63.0,3.0
douyin,2025-01-06/2025-01-12,3,0.4375501945060047,0.0,9.0,16.0,3.0
douyin,2025-01-13/2025-01-19,3,0.30126169920422075,2.0,3.0,9.0,4.0
douyin,2025-01-20/2025-01-26,4,0.45467490402054206,69.0,3.0,3.0,14.0
douyin,2025-02-03/2025-02-09,14,0.5572816457627103,13.0,4.0,3.0,15.0
douyin,2025-02-10/2025-02-16,15,0.49912475953411767,2.0,14.0,4.0,5.0
douyin,2025-02-17/2025-02-23,5,0.6234582830385522,2.0,15.0,14.0,4.0
douyin,2025-02-24/2025-03-02,4,0.509526073834228,0.0,5.0,15.0,2.0
douyin,2025-03-03/2025-03-09,2,0.6187394912078554,0.0,4.0,5.0,7.0
douyin,2025-03-10/2025-03-16,7,0.7126229964816311,233.65,2.0,4.0,21.0
douyin,2025-03-17/2025-03-23,21,0.46490168448139874,1951.05,7.0,2.0,5.0
douyin,2025-03-24/2025-03-30,5,0.6591935493992411,9.0,21.0,7.0,8.0
douyin,2025-03-31/2025-04-06,8,0.7094756603762078,809.15,5.0,21.0,8.0
douyin,2025-04-07/2025-04-13,8,0.7273294162771003,274.9,8.0,5.0,3.0
douyin,2025-04-14/2025-04-20,3,0.6923266341269826,7.0,8.0,8.0,6.0
douyin,2025-04-21/2025-04-27,6,0.5394027564320826,1.0,3.0,8.0,5.0
douyin,2025-04-28/2025-05-04,5,0.37690317636677656,3.0,6.0,3.0,5.0
douyin,2025-05-05/2025-05-11,5,0.4531963014194836,4.5,5.0,6.0,4.0
douyin,2025-05-19/2025-05-25,4,0.7950876881872295,1.5,5.0,5.0,1.0
douyin,2025-05-26/2025-06-01,1,0.3069648219355797,0.0,4.0,5.0,1.0
douyin,2025-06-02/2025-06-08,1,0.9284110331818459,1.0,1.0,4.0,1.0
douyin,2025-06-09/2025-06-15,1,0.7823782081218146,1.0,1.0,1.0,17.0
douyin,2025-06-23/2025-06-29,17,0.5701350411706804,20.5,1.0,1.0,3.0
douyin,2025-06-30/2025-07-06,3,0.6889144036232385,8.0,17.0,1.0,11.0
douyin,2025-07-07/2025-07-13,11,0.5318236959555674,2.0,3.0,17.0,4.0
douyin,2025-07-14/2025-07-20,4,0.6090412619174779,0.0,11.0,3.0,2.0
douyin,2025-07-21/2025-07-27,2,0.28740896425767354,89.5,4.0,11.0,3.0
douyin,2025-07-28/2025-08-03,3,0.41715953730317246,0.0,2.0,4.0,2.0
douyin,2025-08-18/2025-08-24,2,0.625,1.0,3.0,2.0,5.0
douyin,2025-08-25/2025-08-31,5,0.7532295419412234,10319.400000000001,2.0,3.0,2.0
douyin,2025-09-08/2025-09-14,2,0.27902896177855074,1.0,5.0,2.0,1.0
douyin,2025-09-15/2025-09-21,1,0.5305096913137115,0.0,2.0,5.0,4.0
douyin,2025-09-22/2025-09-28,4,0.8078253163006962,1.0,1.0,2.0,11.0
douyin,2025-09-29/2025-10-05,11,0.36808465862903134,0.0,4.0,1.0,3.0
douyin,2025-10-06/2025-10-12,3,0.7277235513284324,0.0,11.0,4.0,13.0
douyin,2025-10-13/2025-10-19,13,0.48524344564599353,4014.45,3.0,11.0,3.0
douyin,2025-10-20/2025-10-26,3,0.5398082986824697,0.0,13.0,3.0,2.0
douyin,2025-10-27/2025-11-02,2,0.6133133169616456,0.0,3.0,13.0,6.0
douyin,2025-11-17/2025-11-23,6,0.5513986809500824,310.55,2.0,3.0,1.0
douyin,2025-11-24/2025-11-30,1,0.7499999999999999,1.0,6.0,2.0,367.0
douyin,2025-12-01/2025-12-07,367,0.41423782194557207,104175.9,1.0,6.0,224.0
douyin,2025-12-08/2025-12-14,224,0.4315815786009462,3413.0,367.0,1.0,75.0
douyin,2025-12-15/2025-12-21,75,0.4208254892636929,1407.5,224.0,367.0,55.0
douyin,2025-12-22/2025-12-28,55,0.40755166472587046,37.0,75.0,224.0,22.0
douyin,2025-12-29/2026-01-04,22,0.5429921065451926,2.0,55.0,75.0,18.0
douyin,2026-01-05/2026-01-11,18,0.5242057549563985,33.0,22.0,55.0,26.0
douyin,2026-01-12/2026-01-18,26,0.4354893390371402,4.5,18.0,22.0,8.0
douyin,2026-01-19/2026-01-25,8,0.3311674871242878,0.0,26.0,18.0,10.0
douyin,2026-01-26/2026-02-01,10,0.5208677868034989,389.6,8.0,26.0,9.0
douyin,2026-02-02/2026-02-08,9,0.6260421774125688,268.65,10.0,8.0,42.0
douyin,2026-02-09/2026-02-15,42,0.5656136984220543,1525.0,9.0,10.0,
tieba,2023-02-13/2023-02-19,11,0.6342058606867147,15.0,,,11.0
tieba,2024-06-10/2024-06-16,11,0.7342644756178077,1.5,11.0,,5.0
tieba,2025-03-17/2025-03-23,5,0.6919553570460394,0.0,11.0,11.0,1.0
tieba,2025-03-24/2025-03-30,1,0.6192191182895502,0.0,5.0,11.0,3.0
tieba,2025-04-28/2025-05-04,3,0.5250853561004167,7.5,1.0,5.0,11.0
tieba,2025-08-11/2025-08-17,11,0.6186673512310713,61.5,3.0,1.0,34.0
tieba,2025-12-22/2025-12-28,34,0.5661596942782827,216.0,11.0,3.0,32.0
tieba,2026-01-05/2026-01-11,32,0.658590678144774,120.0,34.0,11.0,24.0
tieba,2026-01-12/2026-01-18,24,0.7523897782493911,10.5,32.0,34.0,14.0
tieba,2026-01-19/2026-01-25,14,0.7585278822913597,4.5,24.0,32.0,70.0
tieba,2026-01-26/2026-02-01,70,0.6518395691445699,1560.0,14.0,24.0,5.0
tieba,2026-02-02/2026-02-08,5,0.7024171836624947,10.5,70.0,14.0,16.0
tieba,2026-02-09/2026-02-15,16,0.611307348017141,31.5,5.0,70.0,
weibo,2022-11-14/2022-11-20,13,0.46560497485672087,407.5,,,1.0
weibo,2022-11-21/2022-11-27,1,0.6000799053524202,0.0,13.0,,2.0
weibo,2022-11-28/2022-12-04,2,0.3950961267139015,1.5,1.0,13.0,2.0
weibo,2022-12-05/2022-12-11,2,0.4944543962455406,1.5,2.0,1.0,1.0
weibo,2025-05-19/2025-05-25,1,0.9999999999999736,407.0,2.0,2.0,21.0
weibo,2025-05-26/2025-06-01,21,0.6186898331055197,399.5,1.0,2.0,19.0
weibo,2025-06-16/2025-06-22,19,0.5880609289451927,285.5,21.0,1.0,22.0
weibo,2025-09-08/2025-09-14,22,0.6499642114866121,1993.5,19.0,21.0,6.0
weibo,2025-09-15/2025-09-21,6,0.5296921980762904,1204.0,22.0,19.0,16.0
weibo,2025-09-22/2025-09-28,16,0.577672688689837,3718.5,6.0,22.0,5.0
weibo,2025-09-29/2025-10-05,5,0.770661767977802,0.0,16.0,6.0,10.0
weibo,2025-10-06/2025-10-12,10,0.6153755993668378,107.5,5.0,16.0,2.0
weibo,2025-10-13/2025-10-19,2,0.920895362480995,76.0,10.0,5.0,5.0
weibo,2025-10-20/2025-10-26,5,0.8533031960355224,17466.0,2.0,10.0,32.0
weibo,2025-10-27/2025-11-02,32,0.6869555670469192,672.0,5.0,2.0,8.0
weibo,2025-11-03/2025-11-09,8,0.5828792560910002,6.0,32.0,5.0,2.0
weibo,2025-11-10/2025-11-16,2,0.5878586589451412,0.0,8.0,32.0,11.0
weibo,2025-11-17/2025-11-23,11,0.6764955068012933,97.5,2.0,8.0,7.0
weibo,2025-11-24/2025-11-30,7,0.3988899651369451,15.5,11.0,2.0,2.0
weibo,2025-12-01/2025-12-07,2,0.1091284405303431,3.5,7.0,11.0,5.0
weibo,2026-01-05/2026-01-11,5,0.7607710078490272,51.5,2.0,7.0,13.0
weibo,2026-01-26/2026-02-01,13,0.8640344580634903,64.0,5.0,2.0,16.0
weibo,2026-02-02/2026-02-08,16,0.5126206730398666,101.0,13.0,5.0,104.0
weibo,2026-02-09/2026-02-15,104,0.6378784869632981,3689.0,16.0,13.0,2.0
weibo,2026-02-16/2026-02-22,2,0.9505973612861162,0.0,104.0,16.0,
xhs,2022-05-02/2022-05-08,10,0.6299564272340592,67.4,,,4.0
xhs,2022-05-09/2022-05-15,4,0.12976121628814838,3.0,10.0,,2.0
xhs,2022-05-16/2022-05-22,2,0.6049506573494463,2.5,4.0,10.0,7.0
xhs,2023-07-31/2023-08-06,7,0.5998098164325899,115.05,2.0,4.0,1.0
xhs,2023-08-07/2023-08-13,1,0.5,0.0,7.0,2.0,3.0
xhs,2023-08-21/2023-08-27,3,0.9488007083815303,68.4,1.0,7.0,11.0
xhs,2023-09-18/2023-09-24,11,0.7381818463445513,670.95,3.0,1.0,7.0
xhs,2023-09-25/2023-10-01,7,0.5465004360593341,10.0,11.0,3.0,2.0
xhs,2023-10-02/2023-10-08,2,0.2737965589834291,3.5,7.0,11.0,4.0
xhs,2023-10-23/2023-10-29,4,0.5538576420039305,4.5,2.0,7.0,1.0
xhs,2023-10-30/2023-11-05,1,0.07906841579531165,4.5,4.0,2.0,4.0
xhs,2023-11-06/2023-11-12,4,0.3710045686115844,7.5,1.0,4.0,4.0
xhs,2023-11-13/2023-11-19,4,0.363750585135307,0.0,4.0,1.0,3.0
xhs,2023-11-20/2023-11-26,3,0.6386286615113866,41.65,4.0,4.0,1.0
xhs,2024-01-15/2024-01-21,1,0.9999999999999942,294.5,3.0,4.0,25.0
xhs,2024-01-22/2024-01-28,25,0.5363934261373386,565.55,1.0,3.0,1.0
xhs,2024-01-29/2024-02-04,1,0.5169230769230769,0.0,25.0,1.0,7.0
xhs,2024-02-05/2024-02-11,7,0.4728681436913478,769.75,1.0,25.0,14.0
xhs,2024-02-12/2024-02-18,14,0.5281460452322094,21.0,7.0,1.0,12.0
xhs,2024-02-19/2024-02-25,12,0.8230800726617838,606.5,14.0,7.0,8.0
xhs,2024-02-26/2024-03-03,8,0.6182839316567369,11.0,12.0,14.0,1.0
xhs,2024-03-04/2024-03-10,1,1.0,770.4,8.0,12.0,5.0
xhs,2024-03-11/2024-03-17,5,0.6724853870491387,32.25,1.0,8.0,16.0
xhs,2024-03-25/2024-03-31,16,0.4848586357342908,57.5,5.0,1.0,10.0
xhs,2024-04-01/2024-04-07,10,0.5558417152199181,2033.45,16.0,5.0,4.0
xhs,2024-04-08/2024-04-14,4,0.6983177604940376,4.5,10.0,16.0,6.0
xhs,2024-04-15/2024-04-21,6,0.6553024733342915,422.9,4.0,10.0,5.0
xhs,2024-04-22/2024-04-28,5,0.5937774483143917,112.8,6.0,4.0,20.0
xhs,2024-04-29/2024-05-05,20,0.42460991297888623,347.8,5.0,6.0,50.0
xhs,2024-05-06/2024-05-12,50,0.5759288933347183,886.6,20.0,5.0,5.0
xhs,2024-05-13/2024-05-19,5,0.6986760031216004,479.6,50.0,20.0,5.0
xhs,2024-05-20/2024-05-26,5,0.6063295911279567,1378.1,5.0,50.0,3.0
xhs,2024-05-27/2024-06-02,3,0.47621934740961763,3.0,5.0,5.0,10.0
xhs,2024-06-03/2024-06-09,10,0.7323697886556942,5087.349999999999,3.0,5.0,6.0
xhs,2024-06-10/2024-06-16,6,0.3601003666817891,769.1500000000001,10.0,3.0,7.0
xhs,2024-06-17/2024-06-23,7,0.5215663817162376,359.9,6.0,10.0,10.0
xhs,2024-06-24/2024-06-30,10,0.38071853321166,25.5,7.0,6.0,10.0
xhs,2024-07-01/2024-07-07,10,0.5830390637802807,4058.5,10.0,7.0,3.0
xhs,2024-07-08/2024-07-14,3,0.4985012521140355,2.5,10.0,10.0,22.0
xhs,2024-07-15/2024-07-21,22,0.6304142750472174,8442.4,3.0,10.0,4.0
xhs,2024-07-22/2024-07-28,4,0.6827928282921819,2.5,22.0,3.0,5.0
xhs,2024-07-29/2024-08-04,5,0.640040170683042,4041.5,4.0,22.0,8.0
xhs,2024-08-05/2024-08-11,8,0.548822019865481,443.8,5.0,4.0,7.0
xhs,2024-08-19/2024-08-25,7,0.6798146923989042,140.8,8.0,5.0,5.0
xhs,2024-08-26/2024-09-01,5,0.7448359960681428,639.85,7.0,8.0,13.0
xhs,2024-09-02/2024-09-08,13,0.49023823693357194,3954.05,5.0,7.0,21.0
xhs,2024-09-09/2024-09-15,21,0.6563083884164183,3710.7000000000003,13.0,5.0,8.0
xhs,2024-09-16/2024-09-22,8,0.41283992834182826,5.5,21.0,13.0,4.0
xhs,2024-09-23/2024-09-29,4,0.5427460578259419,101.45,8.0,21.0,7.0
xhs,2024-09-30/2024-10-06,7,0.3341641310582536,4.0,4.0,8.0,12.0
xhs,2024-10-07/2024-10-13,12,0.6755707003125025,2249.0,7.0,4.0,3.0
xhs,2024-10-14/2024-10-20,3,0.5997143766178937,16.5,12.0,7.0,6.0
xhs,2024-10-21/2024-10-27,6,0.48448792256976897,1974.1,3.0,12.0,10.0
xhs,2024-10-28/2024-11-03,10,0.773427928575488,252.05,6.0,3.0,5.0
xhs,2024-11-04/2024-11-10,5,0.5480834798910925,2762.2,10.0,6.0,5.0
xhs,2024-11-11/2024-11-17,5,0.7849824068975269,5430.5,5.0,10.0,1.0
xhs,2024-11-18/2024-11-24,1,0.025057651996512442,59.5,5.0,5.0,4.0
xhs,2024-11-25/2024-12-01,4,0.4226973596891226,3854.5,1.0,5.0,23.0
xhs,2024-12-02/2024-12-08,23,0.5941046306819087,1069.0,4.0,1.0,7.0
xhs,2024-12-09/2024-12-15,7,0.40489066080652114,8.5,23.0,4.0,15.0
xhs,2024-12-16/2024-12-22,15,0.6066981068698563,477.35,7.0,23.0,8.0
xhs,2024-12-23/2024-12-29,8,0.7482484525065454,1421.05,15.0,7.0,9.0
xhs,2024-12-30/2025-01-05,9,0.5079778172679537,10.5,8.0,15.0,8.0
xhs,2025-01-06/2025-01-12,8,0.6886367468496917,468.70000000000005,9.0,8.0,9.0
xhs,2025-01-13/2025-01-19,9,0.6669138543108367,1209.0,8.0,9.0,9.0
xhs,2025-01-20/2025-01-26,9,0.5950254974167735,24.5,9.0,8.0,7.0
xhs,2025-01-27/2025-02-02,7,0.38017841598959645,525.5,9.0,9.0,17.0
xhs,2025-02-03/2025-02-09,17,0.5841517807609795,2120.2000000000003,7.0,9.0,10.0
xhs,2025-02-10/2025-02-16,10,0.6256335107045098,1841.75,17.0,7.0,7.0
xhs,2025-02-17/2025-02-23,7,0.600179378579247,1205.55,10.0,17.0,15.0
xhs,2025-02-24/2025-03-02,15,0.6017830469717365,1680.25,7.0,10.0,20.0
xhs,2025-03-03/2025-03-09,20,0.584260081183313,7578.1,15.0,7.0,40.0
xhs,2025-03-10/2025-03-16,40,0.6391027715579655,1640.1,20.0,15.0,34.0
xhs,2025-03-17/2025-03-23,34,0.5985864247556247,9558.25,40.0,20.0,83.0
xhs,2025-03-24/2025-03-30,83,0.6025465661020001,5515.9,34.0,40.0,64.0
xhs,2025-03-31/2025-04-06,64,0.6326940294254759,119.0,83.0,34.0,24.0
xhs,2025-04-07/2025-04-13,24,0.5760043124825912,177.5,64.0,83.0,11.0
xhs,2025-04-14/2025-04-20,11,0.48090943071156644,1006.1999999999999,24.0,64.0,15.0
xhs,2025-04-21/2025-04-27,15,0.5532782085285499,39.5,11.0,24.0,26.0
xhs,2025-04-28/2025-05-04,26,0.6094474479716344,1906.25,15.0,11.0,73.0
xhs,2025-05-05/2025-05-11,73,0.6266689916497693,994.4,26.0,15.0,23.0
xhs,2025-05-12/2025-05-18,23,0.5969101017471106,23.0,73.0,26.0,53.0
xhs,2025-05-19/2025-05-25,53,0.6173004439414512,5967.0,23.0,73.0,72.0
xhs,2025-05-26/2025-06-01,72,0.6308196662706301,4983.45,53.0,23.0,64.0
xhs,2025-06-02/2025-06-08,64,0.4971980657169976,608.1,72.0,53.0,26.0
xhs,2025-06-09/2025-06-15,26,0.5411730786447235,769.1500000000001,64.0,72.0,76.0
xhs,2025-06-16/2025-06-22,76,0.5013126351750924,2055.9,26.0,64.0,17.0
xhs,2025-06-23/2025-06-29,17,0.49676201804552944,1843.7,76.0,26.0,29.0
xhs,2025-06-30/2025-07-06,29,0.5739009650289129,3028.5,17.0,76.0,27.0
xhs,2025-07-07/2025-07-13,27,0.4657096145336598,55.0,29.0,17.0,30.0
xhs,2025-07-14/2025-07-20,30,0.5784426566552276,852.25,27.0,29.0,9.0
xhs,2025-07-21/2025-07-27,9,0.5730208598427206,65.5,30.0,27.0,12.0
xhs,2025-07-28/2025-08-03,12,0.5864547633572215,219.35,9.0,30.0,6.0
xhs,2025-08-04/2025-08-10,6,0.5782068175206322,1208.0,12.0,9.0,21.0
xhs,2025-08-11/2025-08-17,21,0.5724782310802202,666.1,6.0,12.0,1.0
xhs,2025-08-18/2025-08-24,1,0.9533965640879325,0.0,21.0,6.0,29.0
xhs,2025-08-25/2025-08-31,29,0.5709661217916125,259.85,1.0,21.0,18.0
xhs,2025-09-01/2025-09-07,18,0.6379900169544135,1610.1999999999998,29.0,1.0,16.0
xhs,2025-09-08/2025-09-14,16,0.5707506564560669,526.4,18.0,29.0,12.0
xhs,2025-09-15/2025-09-21,12,0.7646563164962283,320.8,16.0,18.0,19.0
xhs,2025-09-22/2025-09-28,19,0.503356609236564,172.65,12.0,16.0,42.0
xhs,2025-09-29/2025-10-05,42,0.5230982963405678,2670.3500000000004,19.0,12.0,28.0
xhs,2025-10-06/2025-10-12,28,0.541603940030856,751.15,42.0,19.0,48.0
xhs,2025-10-13/2025-10-19,48,0.574644703416971,4820.2,28.0,42.0,102.0
xhs,2025-10-20/2025-10-26,102,0.5568748718005118,4150.8,48.0,28.0,109.0
xhs,2025-10-27/2025-11-02,109,0.5417060936744241,1377.9,102.0,48.0,112.0
xhs,2025-11-03/2025-11-09,112,0.5396989666438639,1974.85,109.0,102.0,126.0
xhs,2025-11-10/2025-11-16,126,0.5660638520934731,2469.75,112.0,109.0,152.0
xhs,2025-11-17/2025-11-23,152,0.5581264827218329,3075.6,126.0,112.0,140.0
xhs,2025-11-24/2025-11-30,140,0.5819345441612443,1140.45,152.0,126.0,115.0
xhs,2025-12-01/2025-12-07,115,0.6077439980747643,1141.6,140.0,152.0,96.0
xhs,2025-12-08/2025-12-14,96,0.574012171076763,1578.55,115.0,140.0,94.0
xhs,2025-12-15/2025-12-21,94,0.6098947153859576,1043.6,96.0,115.0,34.0
xhs,2025-12-22/2025-12-28,34,0.5913938577944443,577.4499999999999,94.0,96.0,42.0
xhs,2025-12-29/2026-01-04,42,0.5856732169118772,193.55,34.0,94.0,83.0
xhs,2026-01-05/2026-01-11,83,0.6254878658966377,1158.9499999999998,42.0,34.0,128.0
xhs,2026-01-12/2026-01-18,128,0.6290077450319642,2539.35,83.0,42.0,130.0
xhs,2026-01-19/2026-01-25,130,0.6263970581398908,3126.25,128.0,83.0,180.0
xhs,2026-01-26/2026-02-01,180,0.5744723051467879,1693.85,130.0,128.0,127.0
xhs,2026-02-02/2026-02-08,127,0.5673329598023248,1141.8,180.0,130.0,115.0
xhs,2026-02-09/2026-02-15,115,0.560482111516531,2269.45,127.0,180.0,54.0
xhs,2026-02-16/2026-02-22,54,0.6350451405033146,10807.9,115.0,127.0,
zhihu,2016-03-07/2016-03-13,1,0.08717545743905031,19.5,,,1.0
zhihu,2018-02-26/2018-03-04,1,1.0,2.0,1.0,,1.0
zhihu,2019-12-09/2019-12-15,1,1.0,9.0,1.0,1.0,2.0
zhihu,2020-02-24/2020-03-01,2,0.8826508412600668,38.0,1.0,1.0,2.0
zhihu,2020-03-09/2020-03-15,2,0.9910340645106815,60.0,2.0,1.0,3.0
zhihu,2020-03-16/2020-03-22,3,0.33052475184351837,24.0,2.0,2.0,1.0
zhihu,2020-04-06/2020-04-12,1,0.9107559913096138,0.0,3.0,2.0,1.0
zhihu,2020-09-21/2020-09-27,1,0.9519339045993277,4.5,1.0,3.0,1.0
zhihu,2021-03-22/2021-03-28,1,0.9886683321177717,0.0,1.0,1.0,1.0
zhihu,2021-09-20/2021-09-26,1,0.9999999998901707,9.0,1.0,1.0,1.0
zhihu,2022-06-13/2022-06-19,1,0.8359422369740077,10.5,1.0,1.0,1.0
zhihu,2022-09-12/2022-09-18,1,0.9998875022002411,18.0,1.0,1.0,1.0
zhihu,2022-12-05/2022-12-11,1,0.555443033492529,0.0,1.0,1.0,1.0
zhihu,2023-01-30/2023-02-05,1,0.02756228493389201,1.5,1.0,1.0,1.0
zhihu,2023-04-03/2023-04-09,1,0.8864733470803811,0.0,1.0,1.0,1.0
zhihu,2023-05-01/2023-05-07,1,0.15456809097691715,1.0,1.0,1.0,1.0
zhihu,2023-07-17/2023-07-23,1,1.8207657603852567e-14,6376.0,1.0,1.0,1.0
zhihu,2023-07-31/2023-08-06,1,0.9167223388123519,3.5,1.0,1.0,1.0
zhihu,2023-08-21/2023-08-27,1,0.1654665364369382,10.0,1.0,1.0,2.0
zhihu,2023-10-02/2023-10-08,2,0.6940949000658668,5.5,1.0,1.0,6.0
zhihu,2023-11-06/2023-11-12,6,0.8011577027666993,2145.5,2.0,1.0,58.0
zhihu,2023-11-13/2023-11-19,58,0.7107195434856742,881.0,6.0,2.0,11.0
zhihu,2023-11-20/2023-11-26,11,0.548952164255584,2.5,58.0,6.0,2.0
zhihu,2023-11-27/2023-12-03,2,0.6093981064469005,7.5,11.0,58.0,1.0
zhihu,2023-12-04/2023-12-10,1,0.17231713504861512,1.5,2.0,11.0,1.0
zhihu,2023-12-11/2023-12-17,1,0.9115142019138167,12.0,1.0,2.0,1.0
zhihu,2023-12-18/2023-12-24,1,0.5003448623064246,3.5,1.0,1.0,1.0
zhihu,2024-01-15/2024-01-21,1,0.5247656801555186,0.0,1.0,1.0,1.0
zhihu,2024-01-29/2024-02-04,1,0.865219543371117,5.0,1.0,1.0,5.0
zhihu,2024-02-19/2024-02-25,5,0.5049177192515056,84.0,1.0,1.0,1.0
zhihu,2024-04-08/2024-04-14,1,0.7258932280067332,2.0,5.0,1.0,1.0
zhihu,2024-04-15/2024-04-21,1,0.9647187090994573,0.0,1.0,5.0,1.0
zhihu,2024-04-22/2024-04-28,1,0.8485895962284609,2.5,1.0,1.0,1.0
zhihu,2024-04-29/2024-05-05,1,0.20614072761213698,0.0,1.0,1.0,6.0
zhihu,2024-05-06/2024-05-12,6,0.7243034295062301,9.5,1.0,1.0,1.0
zhihu,2024-06-03/2024-06-09,1,0.2176841755604293,1.5,6.0,1.0,7.0
zhihu,2024-06-10/2024-06-16,7,0.5375660254924416,349.0,1.0,6.0,3.0
zhihu,2024-06-24/2024-06-30,3,0.6992955847632806,76.0,7.0,1.0,3.0
zhihu,2024-07-01/2024-07-07,3,0.9336938592479621,78.5,3.0,7.0,2.0
zhihu,2024-07-08/2024-07-14,2,0.7836063355639478,2.5,3.0,3.0,18.0
zhihu,2024-07-15/2024-07-21,18,0.4627820103717719,835.0,2.0,3.0,22.0
zhihu,2024-07-22/2024-07-28,22,0.45051195294817636,63.0,18.0,2.0,5.0
zhihu,2024-07-29/2024-08-04,5,0.4003009907599762,8.0,22.0,18.0,4.0
zhihu,2024-08-05/2024-08-11,4,0.2557463896058117,0.0,5.0,22.0,5.0
zhihu,2024-08-12/2024-08-18,5,0.5759557149884529,256.0,4.0,5.0,6.0
zhihu,2024-08-19/2024-08-25,6,0.3705195249649749,5.5,5.0,4.0,2.0
zhihu,2024-08-26/2024-09-01,2,0.9175570008346339,0.0,6.0,5.0,1.0
zhihu,2024-09-02/2024-09-08,1,0.5931124518735698,0.0,2.0,6.0,2.0
zhihu,2024-09-09/2024-09-15,2,0.10686213523039284,0.0,1.0,2.0,1.0
zhihu,2024-09-16/2024-09-22,1,0.4878320966774017,17.5,2.0,1.0,2.0
zhihu,2024-09-23/2024-09-29,2,0.39854319309805014,898.0,1.0,2.0,1.0
zhihu,2024-09-30/2024-10-06,1,0.012359346712319419,2.0,2.0,1.0,1.0
zhihu,2024-10-07/2024-10-13,1,0.8875314926395689,32.0,1.0,2.0,2.0
zhihu,2024-10-21/2024-10-27,2,0.06682900999111757,0.0,1.0,1.0,6.0
zhihu,2024-10-28/2024-11-03,6,0.6320943263723648,160.0,2.0,1.0,2.0
zhihu,2024-11-11/2024-11-17,2,0.690547028724213,1.0,6.0,2.0,2.0
zhihu,2024-11-18/2024-11-24,2,0.6603794091508006,30.0,2.0,6.0,5.0
zhihu,2024-12-02/2024-12-08,5,0.8015960300868109,16.5,2.0,2.0,7.0
zhihu,2024-12-23/2024-12-29,7,0.6442355151169924,19.0,5.0,2.0,1.0
zhihu,2024-12-30/2025-01-05,1,0.04392428306156215,8.5,7.0,5.0,2.0
zhihu,2025-01-06/2025-01-12,2,0.8372834517676401,0.0,1.0,7.0,1.0
zhihu,2025-01-13/2025-01-19,1,0.6302194533235745,0.0,2.0,1.0,6.0
zhihu,2025-01-20/2025-01-26,6,0.24900053697779326,1.5,1.0,2.0,6.0
zhihu,2025-01-27/2025-02-02,6,0.5373083527567939,4.5,6.0,1.0,8.0
zhihu,2025-02-03/2025-02-09,8,0.3248442654735056,32.0,6.0,6.0,34.0
zhihu,2025-02-10/2025-02-16,34,0.5759787661588769,860.5,8.0,6.0,10.0
zhihu,2025-02-17/2025-02-23,10,0.6371079699062384,33.5,34.0,8.0,6.0
zhihu,2025-02-24/2025-03-02,6,0.697617696187776,7.5,10.0,34.0,1.0
zhihu,2025-03-03/2025-03-09,1,0.7200671178144957,0.0,6.0,10.0,1.0
zhihu,2025-03-10/2025-03-16,1,0.6516525241359497,0.0,1.0,6.0,2.0
zhihu,2025-03-17/2025-03-23,2,0.4262395930123169,1.0,1.0,1.0,3.0
zhihu,2025-03-24/2025-03-30,3,0.36887627569968817,6.0,2.0,1.0,26.0
zhihu,2025-03-31/2025-04-06,26,0.5964113810342357,40.5,3.0,2.0,59.0
zhihu,2025-04-07/2025-04-13,59,0.5311239831976929,33.5,26.0,3.0,6.0
zhihu,2025-04-14/2025-04-20,6,0.7311236937741196,0.0,59.0,26.0,13.0
zhihu,2025-04-21/2025-04-27,13,0.6418690868364687,6.0,6.0,59.0,9.0
zhihu,2025-04-28/2025-05-04,9,0.5312165288639012,7.0,13.0,6.0,2.0
zhihu,2025-05-05/2025-05-11,2,0.5305869296367511,1.5,9.0,13.0,36.0
zhihu,2025-05-12/2025-05-18,36,0.5628835811272077,1813.0,2.0,9.0,12.0
zhihu,2025-05-19/2025-05-25,12,0.6971816102626152,36.5,36.0,2.0,6.0
zhihu,2025-05-26/2025-06-01,6,0.2947997024658337,16.5,12.0,36.0,5.0
zhihu,2025-06-02/2025-06-08,5,0.2950850792764269,0.0,6.0,12.0,4.0
zhihu,2025-06-09/2025-06-15,4,0.6054540416799608,3.0,5.0,6.0,32.0
zhihu,2025-06-16/2025-06-22,32,0.762092004340496,1291.0,4.0,5.0,14.0
zhihu,2025-06-23/2025-06-29,14,0.7126610618284194,12.0,32.0,4.0,5.0
zhihu,2025-06-30/2025-07-06,5,0.5484144590296012,4.5,14.0,32.0,9.0
zhihu,2025-07-07/2025-07-13,9,0.5312015270476166,12.0,5.0,14.0,8.0
zhihu,2025-07-14/2025-07-20,8,0.5638760425157371,145.5,9.0,5.0,35.0
zhihu,2025-07-21/2025-07-27,35,0.6422651067401546,881.5,8.0,9.0,61.0
zhihu,2025-07-28/2025-08-03,61,0.5396640310049767,1174.0,35.0,8.0,86.0
zhihu,2025-08-04/2025-08-10,86,0.6003074803576643,472.0,61.0,35.0,111.0
zhihu,2025-08-11/2025-08-17,111,0.4817186852168405,903.5,86.0,61.0,35.0
zhihu,2025-08-18/2025-08-24,35,0.45660445297289626,848.0,111.0,86.0,14.0
zhihu,2025-08-25/2025-08-31,14,0.4616047548839347,14.0,35.0,111.0,15.0
zhihu,2025-09-01/2025-09-07,15,0.6073329193588408,6.5,14.0,35.0,2.0
zhihu,2025-09-08/2025-09-14,2,0.38718077592386374,149.5,15.0,14.0,4.0
zhihu,2025-09-15/2025-09-21,4,0.47740077979853107,0.0,2.0,15.0,7.0
zhihu,2025-09-22/2025-09-28,7,0.7171136485312247,29.0,4.0,2.0,3.0
zhihu,2025-09-29/2025-10-05,3,0.7369533486379122,17.0,7.0,4.0,68.0
zhihu,2025-10-06/2025-10-12,68,0.31770219391218324,4742.0,3.0,7.0,46.0
zhihu,2025-10-13/2025-10-19,46,0.475458606282356,52.0,68.0,3.0,14.0
zhihu,2025-10-20/2025-10-26,14,0.5071559528518212,4338.0,46.0,68.0,63.0
zhihu,2025-10-27/2025-11-02,63,0.5781572491784454,3359.5,14.0,46.0,14.0
zhihu,2025-11-03/2025-11-09,14,0.4758829650553213,9.5,63.0,14.0,10.0
zhihu,2025-11-10/2025-11-16,10,0.804397679466242,10.0,14.0,63.0,8.0
zhihu,2025-11-17/2025-11-23,8,0.5580974030497413,1485.5,10.0,14.0,8.0
zhihu,2025-11-24/2025-11-30,8,0.8503562428617002,4.0,8.0,10.0,8.0
zhihu,2025-12-01/2025-12-07,8,0.5076109541071265,3.0,8.0,8.0,9.0
zhihu,2025-12-08/2025-12-14,9,0.3342963084851184,3.0,8.0,8.0,24.0
zhihu,2025-12-15/2025-12-21,24,0.6676707788186357,4192.5,9.0,8.0,28.0
zhihu,2025-12-22/2025-12-28,28,0.5296928291467157,106.0,24.0,9.0,13.0
zhihu,2025-12-29/2026-01-04,13,0.7690542586737441,7.0,28.0,24.0,18.0
zhihu,2026-01-05/2026-01-11,18,0.543543376870789,70.0,13.0,28.0,73.0
zhihu,2026-01-12/2026-01-18,73,0.4542263958306637,763.5,18.0,13.0,5.0
zhihu,2026-01-19/2026-01-25,5,0.6300090171479028,0.0,73.0,18.0,4.0
zhihu,2026-01-26/2026-02-01,4,0.28343063450311595,0.0,5.0,73.0,7.0
zhihu,2026-02-02/2026-02-08,7,0.6162962250455201,1.0,4.0,5.0,36.0
zhihu,2026-02-09/2026-02-15,36,0.7083418006359451,1455.5,7.0,4.0,
